groupby_label,string_label,domain,sourceName,checked,revised
0,24dash,24dash.com,24dash,,
1,@W_Nuclear_News,twitter.com,@W_Nuclear_News,,
2,A World to Win blogs,aworldtowin.net,A World to Win blogs,,
3,Agra-net.com,agra-net.com,Agra-net.com,,
4,Al-Sharq al-Awsat,aawsat.com,Al-Sharq al-Awsat,,
4,Al-Sharq al-Awsat,asharq-e.com,Al-Sharq al-Awsat,,
4,Al-Sharq al-Awsat,asharqalawsat.com,Al-Sharq al-Awsat,,
4,Al-Sharq al-Awsat,asharq-e.com,Asharq Al-Awsat,,
4,Al-Sharq al-Awsat,asharq-e.com,Asharq Alawsatt,,
5,Alliance for Workers' Liberty,workersliberty.org,Alliance for Workers'' Liberty,,
6,Ananova,ananova.com,Ananova,,
6,Ananova,orange.co.uk,Ananova,,
6,Ananova,orange.co.uk,Ananova - Orange News,,
7,Andover Advertiser,andoveradvertiser.co.uk,Andover Advertiser,,
8,Ayrshire Post,ayrshirepost.net,Ayrshire Post,,
8,Ayrshire Post,icnetwork.co.uk,Ayrshire Post,,
9,BBC News,bbc.co.uk,BBC - Leicester News,,
9,BBC News,bbc.co.uk,BBC News - UK,,
9,BBC News,bbc.co.uk,BBC News Europe,,
9,BBC News,bbc.co.uk,GFM Radio,,
9,BBC News,bbc.co.uk,Manchester Evening News,,
9,BBC News,bbc.co.uk,Ulster Defence League on Facebook,,
10,Bakery and Snacks,bakeryandsnacks.com,Bakery and Snacks,,
10,Bakery and Snacks,bakeryandsnacks.com,Food Navigator,,
11,Ballyclare Gazette,ballyclaregazette.co.uk,Ballyclare Gazette,,
12,Ballymena Times,ballymenatimes.com,Ballymena Times,,
12,Ballymena Times,ballymenatimes.com,Ballymena Today,,
13,Ballymoney Today,ballymoneytimes.co.uk,Ballymoney Today,,
14,Banbridge Leader,banbridgeleader.co.uk,Banbridge Leader,,
14,Banbridge Leader,banbridgeleader.co.uk,Banbridge Today,,
15,Banbury Guardian,banburyguardian.co.uk,Banbury Guardian,,
16,Barking and Dagenham Post,bdpost.co.uk,Barking and Dagenham Post,,
17,Barnet Times,times-series.co.uk,Barnet Times,check,ok
18,Barnsley Chronicle,barnsley-chronicle.co.uk,Barnesley Chronicle,,
18,Barnsley Chronicle,barnsley-chronicle.co.uk,Barnsley Chronicle,,
19,Basingstoke Gazette,basingstokegazette.co.uk,Basingstoke Gazette,,
20,Beccles and Bungay Journal,becclesandbungayjournal.co.uk,Beccles and Bungay Journal,,
21,Bedford Times and Citizen,bedfordtoday.co.uk,Bedford Times and Citizen,,
21,Bedford Times and Citizen,bedfordtoday.co.uk,Bedford Today,,
21,Bedford Times and Citizen,feedsportal.com,Bedford Today,,
22,Belfast Media,belfastmedia.com,Andersontown News,,
22,Belfast Media,irelandclick.com,Andersontown News,,
22,Belfast Media,belfastmedia.com,Belfast Media,,
23,Belfast Telegraph,belfasttelegraph.co.uk,Belfast Telegraph,,
23,Belfast Telegraph,feedsportal.com,Belfast Telegraph,,
24,Belfast Today,newsletter.co.uk,Belfast Today,,
25,Berwick Today,berwick-advertiser.co.uk,Berwick Advertiser,,
25,Berwick Today,berwick-advertiser.co.uk,Berwick Today,,
25,Berwick Today,berwicktoday.co.uk,Berwick Today,,
26,Bexhill Observer,bexhillobserver.net,Bexhill Observer,,
26,Bexhill Observer,feedsportal.com,Bexhill Observer,check,ok
26,Bexhill Observer,bexhillobserver.net,Bexhill Today,,
27,Birmingham Mail,birminghammail.co.uk,Birmingham Mail,,
28,Bishop's Stortford Citizen,bishopsstortfordcitizen.co.uk,Bishop''s Stortford Citizen,,
28,Bishop's Stortford Citizen,citizen-series.co.uk,Bishop's Stortford Citizen,check,ok
29,Blackburn Citizen,blackburncitizen.co.uk,Blackburn Citizen,,
30,Blackpool Citizen,blackpoolcitizen.co.uk,Blackpool Citizen,,
31,Blackpool Today,blackpoolgazette.co.uk,Blackpool Today,,
32,Bognor Today,bognor.co.uk,Bognor Regis Observer,,
32,Bognor Today,feedsportal.com,Bognor Regis Observer,check,ok
32,Bognor Today,bognor.co.uk,Bognor Today,,
33,Bolton News,boltoneveningnews.co.uk,Bolton News,,
33,Bolton News,theboltonnews.co.uk,Bolton News,,
33,Bolton News,theboltonnews.co.uk,Bury Times,,
34,Border Telegraph,bordertelegraph.com,Border Telegraph,,
35,Borehamwood and Elstree Times,borehamwoodtimes.co.uk,Borehamwood & Elstree Times,,
35,Borehamwood and Elstree Times,borehamwoodtimes.co.uk,Borehamwood and Elstree Times,,
36,Boston Standard,bostonstandard.co.uk,Boston Standard,,
36,Boston Standard,bostonstandard.co.uk,Boston Today,,
37,Bournemouth Daily Echo,bournemouthecho.co.uk,Dorset Daily Echo,,
37,Bournemouth Daily Echo,thisisdorset.net,Dorset Daily Echo,,
38,Bracknell Times,getbracknell.co.uk,Bracknell Forest Standard,check,ok
38,Bracknell Times,getbracknell.co.uk,Bracknell Times,,
39,Bradford Telegraph & Argus,thetelegraphandargus.co.uk,Bradford Telegraph & Argus,,
40,Brechin Today,brechinadvertiser.co.uk,Brechin Advertiser,,
40,Brechin Today,brechinadvertiser.co.uk,Brechin Today,,
41,Brighton Evening Argus,theargus.co.uk,Brighton Evening Argus,,
42,Bromley Times,bromleytimes.co.uk,Bromley Times,,
43,Buckingham Today,buckinghamtoday.co.uk,Bicester Advertiser and Review,,
43,Buckingham Today,buckinghamtoday.co.uk,Buckingham Today,,
44,Bucks Free Press,bucksfreepress.co.uk,Bucks Free Press,,
45,Bucks Herald,bucksherald.co.uk,Bucks Herald,,
45,Bucks Herald,feedsportal.com,Bucks Herald,,
46,Burnley Express,burnleyexpress.net,Burnley Express,,
46,Burnley Express,burnleyexpress.net,Burnley Today,,
47,Bury Free Press,buryfreepress.co.uk,Bury Free Press,,
47,Bury Free Press,buryfreepress.co.uk,Bury St Edmunds Today,,
48,Bury Times,burytimes.co.uk,Bury Times,,
49,Business Weekly - UK,businessweekly.co.uk,Business Weekly - UK,,
50,Buxton Advertiser,buxtonadvertiser.co.uk,Buxton Advertiser,,
51,Cambridge Evening News,cambridge-news.co.uk,Cambridge Evening News,,
51,Cambridge Evening News,cambridge-news.co.uk,Cambridge News,,
52,Cambs Times,cambstimes.co.uk,Cambs Times,,
52,Cambs Times,cambstimes.co.uk,Cambs times,,
53,Campaign for Nuclear Disarmament (CND) Facebook,facebook.com,Campaign for Nuclear Disarmament (CND) Facebook,check,ok
54,Campaign for Nuclear Disarmament (CND) Twitter,twitter.com,Campaign for Nuclear Disarmament (CND) Twitter,,
55,Chard & Ilminster News,chardandilminsternews.co.uk,Chard & Ilminster News,,
56,Cheshire Online,icnetwork.co.uk,Cheshire Online,check,ok
57,Chester Evening Leader,chestereveningleader.co.uk,Chester Evening Leader,,
58,Chester Standard,chesterfirst.co.uk,Chester Evening Leader,,
58,Chester Standard,chesterfirst.co.uk,Chester First,,
58,Chester Standard,chesterfirst.co.uk,Chester Standard,,
58,Chester Standard,chesterstandard.co.uk,Chester Standard,,
58,Chester Standard,chesterfirst.co.uk,Chester Standard and Leader,,
58,Chester Standard,chesterstandard.co.uk,Matlock Mercury,,
59,Chichester Observer,chichester.co.uk,Chichester Observer,,
60,Chingford Guardian,chingfordguardian.co.uk,Chingford Guardian,,
61,Chorley Citizen,chorleycitizen.co.uk,Chorley Citizen,,
62,Clitheroe Today,clitheroeadvertiser.co.uk,Clitheroe Today,,
63,Colchester Daily Gazette,gazette-news.co.uk,Colchester Daily Gazette,check,ok
63,Colchester Daily Gazette,gazette-news.co.uk,Evening Gazette,check,combine with Colchester Daily Gazette
64,Cornish Guardian,thisiscornwall.co.uk,Cornish Guardian,,
65,Country Life,countrylife.co.uk,Country Life,,
65,Country Life,feedsportal.com,Country Life,check,ok
66,County Times,countytimes.co.uk,County Times,,
67,Coventry Telegraph,coventrytelegraph.net,Coventry Telegraph,,
67,Coventry Telegraph,icnetwork.co.uk,Coventry Telegraph,,
68,Crawley Observer,crawleyobserver.co.uk,Bexhill Today,,
68,Crawley Observer,crawleyobserver.co.uk,Crawley Observer,,
68,Crawley Observer,feedsportal.com,Crawley Observer,check,ok
69,Croydon Guardian,croydonguardian.co.uk,Croydon Guardian,,
70,Cumberland & Westmorland Herald,cwherald.com,Cumberland & Westmorland Herald,,
71,Daily Express,express.co.uk,Daily Express,,
71,Daily Express,feedsportal.com,Daily Express,check,ok
72,Daily Post,dailypost.co.uk,Daily Post,,
73,Daily Record,dailyrecord.co.uk,Daily Record,,
74,Darlington & Stockton Times,darlingtonandstocktontimes.co.uk,Darlington & Stockton Times,,
74,Darlington & Stockton Times,dst.co.uk,Darlington & Stockton Times,,
75,Derby Evening Telegraph,thisisderbyshire.co.uk,Derby Evening Telegraph,,
76,Derbyshire Times,derbyshiretimes.co.uk,Derbyshire Times,,
77,Derry Journal,derryjournal.com,Derry Journal,,
77,Derry Journal,feedsportal.com,Derry Journal,check,ok
78,Diss Mercury,dissmercury.co.uk,Diss Mercury,,
79,Doncaster Free Press,doncasterfreepress.co.uk,Doncaster Free Press,,
79,Doncaster Free Press,doncastertoday.co.uk,Doncaster Free Press,,
80,Donegal News,nwipp-newspapers.com,Donegal News,check,ok
81,Driffield Times & Post,driffieldtoday.co.uk,Driffield Times & Post,,
81,Driffield Times & Post,driffieldtoday.co.uk,Driffield Today,,
82,Dromore Leader,dromoreleader.co.uk,Dromore Leader,,
82,Dromore Leader,dromoreleader.co.uk,Dromore Today,,
83,Dunmow Broadcast,dunmowbroadcast.co.uk,Dunmow Broadcast,,
84,EUbusiness,eubusiness.com,EUbusiness,,
85,Ealing Times,ealingtimes.co.uk,Ealing Times,,
86,East Anglian Daily Times,eadt.co.uk,East Anglian Daily Times,,
87,East Lothian Courier,eastlothiancourier.com,East Lothian Courier,,
88,Eastbourne Herald,eastbourneherald.co.uk,Eastbourne Herald,,
89,Eastern Daily Press,edp24.co.uk,Eastern Daily Press,,
89,Eastern Daily Press,edp24.co.uk,Norwich Evening News 24,,
90,Eastwood Advertiser,eastwoodadvertiser.co.uk,Eastwood Advertiser,,
90,Eastwood Advertiser,eastwoodadvertiser.co.uk,Eastwood Today,,
91,Echo - Essex News and Sports,echo-news.co.uk,Echo - Essex News and Sports,,
92,Edgware & Mill Hill Times,edgwaretimes.co.uk,Edgware & Mill Hill Times,,
92,Edgware & Mill Hill Times,times-series.co.uk,Edgware & Mill Hill Times,check,ok
93,Ely Standard,elystandard.co.uk,Ely Standard,,
94,Environmental Agency UK,environment-agency.gov.uk,Environmental Agency UK,,
95,Epping Forest Guardian,eppingforestguardian.co.uk,Epping Forest Guardian,,
96,Epsom Guardian,epsomguardian.co.uk,Epsom Guardian,,
96,Epsom Guardian,epsomguardian.co.uk,Local London,,
97,Essex Chronicle,thisistotalessex.co.uk,Essex Chronicle,,
98,Evening Gazette,evening-gazette.co.uk,Evening Gazette,,
99,Evening Star (Ipswich),eveningstar.co.uk,Evening Star (Ipswich),,
99,Evening Star (Ipswich),ipswichstar.co.uk,Evening Star (Ipswich),,
99,Evening Star (Ipswich),eveningstar.co.uk,Evening Star 24,,
100,Evening Telegraph,eveningtelegraph.co.uk,Evening Telegraph,,
101,Express and Star,expressandstar.com,Express and Star,,
102,Farmers Guardian,farmersguardian.com,Farmers Guardian,,
102,Farmers Guardian,farmersguardian.com,The Farmers Guardian,,
103,Farmers Weekly Interactive,fwi.co.uk,Farmer''s Weekly Special Reports,,
103,Farmers Weekly Interactive,fwi.co.uk,Farmer's Weekly Special Reports,,
103,Farmers Weekly Interactive,fwi.co.uk,Farmers Weekly Interactive,,
104,Farming UK,farminguk.com,Farming UK,,
105,Food Naviagtor,foodnavigator.com,Food Naviagtor,,
106,Food Navigator,foodnavigator.com,Food Navigator,,
106,Food Navigator,foodqualitynews.com,Food Navigator,,
106,Food Navigator,foodqualitynews.com,Food Quality News,,
107,Fruit Net (UK & Germany),fruitnet.com,Fruit Net (UK & Germany),,
108,Gazette & Herald,gazetteandherald.co.uk,Gazette & Herald,,
109,Gazette Live,gazettelive.co.uk,Gazette Live,,
110,Glasgow Evening Times,eveningtimes.co.uk,Glasgow Evening Times,,
111,Gloucestershire County Gazette,gazetteseries.co.uk,Gazette,check,ok
111,Gloucestershire County Gazette,gazetteseries.co.uk,Gloucestershire County Gazette,,
112,Google News,google.com,Aberdeen Independent,,
112,Google News,google.com,British Foreign & Commonwealth Office (FCO),,
112,Google News,google.com,Country Life,,
112,Google News,google.com,International Business Times,,
112,Google News,google.com,International Business Times UK,,
112,Google News,google.com,Lionheart [Paul Ray] Blog,,
112,Google News,google.com,Meat Info,,
112,Google News,google.com,Pink News,,
113,Grantham Today,feedsportal.com,Grantham Today,,
113,Grantham Today,granthamjournal.co.uk,Grantham Today,,
114,Great Yarmouth Mercury 24,greatyarmouthmercury.co.uk,Great Yarmouth Mercury 24,,
115,Grimsby Telegraph,thisisgrimsby.co.uk,Grimsby Telegraph,,
116,Guardian Series,guardian-series.co.uk,Bishop's Stortford Citizen,,combine to a string label
116,Guardian Series,guardian-series.co.uk,Chingford Guardian,,combine to a string label
116,Guardian Series,guardian-series.co.uk,Epping Forest Guardian,,combine to a string label
116,Guardian Series,guardian-series.co.uk,Guardian Series,,combine to a string label
116,Guardian Series,guardian-series.co.uk,Harlow Citizen,check,combine to a string label
116,Guardian Series,guardian-series.co.uk,Harlow Citizen and Guardian,check,combine to a string label
116,Guardian Series,guardian-series.co.uk,Local London,check,combine to a string label
116,Guardian Series,guardian-series.co.uk,Waltham Forest Guardian,check,combine to a string label
116,Guardian Series,guardian-series.co.uk,Wanstead and Woodford Guardian,check,combine to a string label
117,Hackney Gazette,hackneygazette.co.uk,Hackney Gazette,,
118,Hampshire Chronicle,hampshirechronicle.co.uk,Hampshire Chronicle,,
119,Hampstead and Highgate Express,hamhigh.co.uk,Hampstead and Highgate Express,,
120,Harborough Mail,feedsportal.com,Harborough Mail,,
120,Harborough Mail,harboroughmail.co.uk,Harborough Mail,,
121,Haringey Independent,haringeyindependent.co.uk,Enfield Independent,,
121,Haringey Independent,haringeyindependent.co.uk,Haringey Independent,,
122,Harlow Citizen,citizen-series.co.uk,Harlow Citizen,check,ok
122,Harlow Citizen,harlowcitizen.co.uk,Harlow Citizen,,
123,Harrow Times,harrowtimes.co.uk,Harrow Times,,
123,Harrow Times,harrowtimes.co.uk,Hillingdon Times,,
124,Hartlepool Mail,hartlepoolmail.co.uk,Hartle Pool Mail,,
124,Hartlepool Mail,hartlepoolmail.co.uk,Hartlepool Mail,,
125,Hemel Today,feedsportal.com,Hemel Hempstead Today,check,ok
125,Hemel Today,hemeltoday.co.uk,Hemel Hempstead Today,,
125,Hemel Today,hemeltoday.co.uk,Hemel Today,,
126,"Hendon & Finchley, Barnet & Potters bar, and Edgeware & Mills hill Times",times-series.co.uk,"Hendon & Finchley, Barnet & Potters bar, and Edgeware & Mills hill Times",check,ok
127,Herald and Post,lutontoday.co.uk,Herald and Post,,
128,Hertferdshire Mercury,hertsandessexobserver.co.uk,Harlow Star,,
128,Hertferdshire Mercury,hertsandessexobserver.co.uk,Hertferdshire Mercury,,
128,Hertferdshire Mercury,hertsandessexobserver.co.uk,Herts and Essex Observer,,
129,Hexham Courant,hexham-courant.co.uk,Hexham Courant,,
130,Highland News,highland-news.co.uk,Highland News,,
131,Hillingdon Times,hillingdontimes.co.uk,Hillingdon & Uxbridge Times,,
131,Hillingdon Times,hillingdontimes.co.uk,Hillingdon Times,,
132,Horncastle News,horncastlenews.co.uk,Horncastle News,,
133,Horticulture Week,hortweek.com,Horticulture Week,,
134,Hucknall Dispatch,feedsportal.com,Hucknall Dispatch,,
134,Hucknall Dispatch,hucknalldispatch.co.uk,Hucknall Dispatch,,
134,Hucknall Dispatch,hucknall-dispatch.co.uk,Hucknall Today,,
134,Hucknall Dispatch,hucknalldispatch.co.uk,Hucknall Today,,
135,Hull Daily Mail,thisishullandeastriding.co.uk,Hull Daily Mail,,
136,Hunts Post,huntspost.co.uk,Hunts Post,,
137,IC Newcastle,chroniclelive.co.uk,IC Newcastle,,
137,IC Newcastle,icnetwork.co.uk,IC Newcastle,check,ok
137,IC Newcastle,journallive.co.uk,IC Newcastle,,
138,IC Teesside,gazettelive.co.uk,ic Teesside,,
139,ITN News,feedsportal.com,ITN News,,
139,ITN News,itn.co.uk,ITN News,,
140,Ilford Recorder,ilfordrecorder.co.uk,Ilford Recorder,,
141,Ilkeston Advertiser,feedsportal.com,Ilkeston Advertiser,,
141,Ilkeston Advertiser,ilkestonadvertiser.co.uk,Ilkeston Advertiser,,
142,Ilkley Gazette,ilkleygazette.co.uk,Ilkley Gazette,,
143,Impartial Reporter,impartialreporter.com,Impartial Reporter,,
144,In The News,inthenews.co.uk,In The News,,
145,Inspire Magazine,inspiremagazine.org.uk,Inspire Magazine,,
146,Insurance Insight,insuranceinsight.com,Insurance Insight,,
147,International Business Times,ibtimes.com,International Business Times,,
147,International Business Times,ibtimes.com,International Business Times UK,,
148,Isle of Wight County Press,iwcp.co.uk,Isle of Wight County Press,,
149,Journal Live,journallive.co.uk,Journal Live,,
150,Kenilworth Weekly News,kenilworthweeklynews.co.uk,Kenilworth Today,check,ok
150,Kenilworth Weekly News,feedsportal.com,Kenilworth Weekly News,,
150,Kenilworth Weekly News,kenilworthweeklynews.co.uk,Kenilworth Weekly News,,
151,Kingston Guardian,kingstonguardian.co.uk,Kingston Guardian,check,ok
152,LRUSGSLPM on Facebook,facebook.com,LRUSGSLPM on Facebook,check,ok
153,Lancashire Evening Post,feedsportal.com,Lancashire Evening Post,check,ok
153,Lancashire Evening Post,lep.co.uk,Lancashire Evening Post,,
154,Lancashire Evening Telegraph,thisislancashire.co.uk,Lancashire Evening Telegraph,,
155,Lancashire Telegraph,lancashireeveningtelegraph.co.uk,Lancashire Telegraph,,
155,Lancashire Telegraph,lancashiretelegraph.co.uk,Lancashire Telegraph,,
156,League for the Fifth International on Facebook,facebook.com,League for the Fifth International on Facebook,check,ok
157,Leamington Observer,leamingtonobserver.co.uk,Leamington Observer,,
158,Leicester Mercury,thisisleicestershire.co.uk,Leicester Mercury,,
159,Leicester Sound,leicestersound.co.uk,Leicester Sound,,
160,Leigh Journal,leighjournal.co.uk,Leigh Journal,,
161,Lincolnshire Echo,thisislincolnshire.co.uk,Farmers Guardian,,
161,Lincolnshire Echo,thisislincolnshire.co.uk,Lincolnshire Echo,,
162,Lisburn Today,lisburntoday.co.uk,Lisburn Today,,
163,Liverpool Daily Post,icnetwork.co.uk,Liverpool Daily Post,,
164,Liverpool Division English Defence League on Facebook,facebook.com,Liverpool Division English Defence League on Facebook,,
165,Liverpool Echo,icnetwork.co.uk,Liverpool Echo,check,ok
165,Liverpool Echo,liverpoolecho.co.uk,Liverpool Echo,,
166,Local London,thisislocallondon.co.uk,Local London,check,ok
167,London Turkish Gazette,londragazete.com,London Turkish Gazette,,
168,Look Left Mag on Twitter,twitter.com,Look Left Mag on Twitter,,
169,Look Left Magazine on Facebook,facebook.com,Look Left Magazine on Facebook,check,ok
170,Louth Leader,feedsportal.com,Louth Leader,check,ok
170,Louth Leader,louthtoday.co.uk,Louth Leader,,
171,Lurgan Mail,lurganmail.co.uk,Lurgan Mail,,
171,Lurgan Mail,lurganmail.co.uk,Lurgan Today,,
172,Luton News Herald and Post,lutontoday.co.uk,Luton News Herald and Post,,
173,Lynn News,lynnnews.co.uk,Lynn News,,
174,Macclesfield Express,menmedia.co.uk,Macclesfield Express,,
175,Maidenhead Express,icnetwork.co.uk,Maidenhead Express,,
176,Manchester Evening News,manchestereveningnews.co.uk,Manchester Evening News,,
176,Manchester Evening News,menmedia.co.uk,Manchester Evening News,,
176,Manchester Evening News,manchestereveningnews.co.uk,Manchester Online,,
176,Manchester Evening News,menmedia.co.uk,Manchester Online,,
177,Mansfield Today,mansfieldtoday.co.uk,Mansfield Today,,
178,Mansfield and Ashfield Chad,chad.co.uk,Mansfield Today,,
178,Mansfield and Ashfield Chad,chad.co.uk,Mansfield and Ashfield Chad,,
178,Mansfield and Ashfield Chad,feedsportal.com,Mansfield and Ashfield Chad,check,ok
179,Matlock Mercury,feedsportal.com,Matlock Mercury,check,ok
179,Matlock Mercury,matlockmercury.co.uk,Matlock Mercury,,
180,Melton Times,feedsportal.com,Melton Times,check,ok
180,Melton Times,meltontimes.co.uk,Melton Times,,
181,Metro - London,metro.co.uk,Metro,,
181,Metro - London,metro.co.uk,Metro - London,,
182,Mid Sussex Times,feedsportal.com,Mid Sussex Times,check,ok
183,Morning Star Online,morningstaronline.co.uk,Morning Star,,
183,Morning Star Online,morningstaronline.co.uk,Morning Star Online,,
184,Morpeth Herald,feedsportal.com,Morpeth Herald,check,ok
184,Morpeth Herald,morpethtoday.co.uk,Morpeth Herald,,
185,Muslim Defence League on Facebook,facebook.com,Muslim Defence League on Facebook,check,ok
186,Newbury Today,newburytoday.co.uk,Newbury Today,,
187,Newham Recorder,newhamrecorder.co.uk,Newham Recorder,,
188,Newry Democrat,newrydemocrat.com,Newry Democrat,,
189,News & Star,newsandstar.co.uk,News & Star,,
189,News & Star,newsandstar.co.uk,The Cumberland News,,
190,News Guardian,feedsportal.com,News Guardian,,
191,News Post Leader,blyth-wansbecktoday.co.uk,News Post Leader,,
191,News Post Leader,feedsportal.com,News Post Leader,check,ok
191,News Post Leader,newspostleader.co.uk,News Post Leader,,
192,News Shopper,newsshopper.co.uk,Local London,check,"only 1 row in the dataset, combined with newsshopper"
192,News Shopper,newsshopper.co.uk,News Shopper,should it be combined with newsshopper,no
193,News Wales,newswales.co.uk,News Wales,,
194,NewsNet Scotland,newsnetscotland.com,NewsNet Scotland,,
195,North Tyneside Today,northtynesidetoday.co.uk,North Tyneside Today,,
196,North Wales Chronicle,northwaleschronicle.co.uk,North Wales Chronicle,,
197,North-West Evening Mail,nwemail.co.uk,North-West Evening Mail,,
198,Northampton Chronicle & Echo,northamptonchron.co.uk,Northampton Chronicle,,
198,Northampton Chronicle & Echo,feedsportal.com,Northampton Chronicle & Echo,check,ok
198,Northampton Chronicle & Echo,northamptonchron.co.uk,Northampton Chronicle & Echo,,
198,Northampton Chronicle & Echo,northamptonchron.co.uk,Northampton Chronicle and Echo,,
198,Northampton Chronicle & Echo,northamptonchronicleecho.co.uk,Northampton and Chronicle Echo,,
199,Northamptonshire Evening Telegraph,northantset.co.uk,Northamptonshire Evening Telegraph,,
199,Northamptonshire Evening Telegraph,northantset.co.uk,Northants Evening Telegraph,,
200,Northern Ireland Executive,northernireland.gov.uk,Northern Ireland Executive,,
201,Northumberland Gazette,northumberlandgazette.co.uk,Northumberland Gazette,,
202,Norwich Evening News 24,eveningnews24.co.uk,Ely Standard,,
202,Norwich Evening News 24,eveningnews24.co.uk,Norwich Evening News 24,,
203,Nottingham Post,thisisnottingham.co.uk,Nottingham Post,,
204,Occupy London on Facebook,facebook.com,Occupy London on Facebook,check,ok
205,Ongar Guardian,ongarguardian.co.uk,Ongar Guardian,,
206,Open Democracy,opendemocracy.net,Open Democracy,,
206,Open Democracy,opendemocracy.net,Open Democracy Blog,,
207,Ormskirk Advertiser,osadvertiser.co.uk,Ormskirk & Skelmersdale Advertiser,,
207,Ormskirk Advertiser,icnetwork.co.uk,Ormskirk Advertiser,check,ok
207,Ormskirk Advertiser,osadvertiser.co.uk,Ormskirk Advertiser,,
208,Oxford Mail,oxfordmail.co.uk,Oxford Mail,,
209,PR Newswire,prnewswire.co.uk,PR Newswire,,
210,Paisley Daily Express,icnetwork.co.uk,Paisley Daily Express,check,ok
210,Paisley Daily Express,paisleydailyexpress.co.uk,Paisley Daily Express,,
211,Pendle Today,pendletoday.co.uk,Pendle Today,,
212,Peterborough Evening Telegraph,peterboroughtoday.co.uk,Peterborough Evening Telegraph,,
213,Petersfield Post,petersfieldpost.co.uk,Petersfield Post,,
214,Plymouth Herald,thisisplymouth.co.uk,Plymouth Herald,,
215,Preston Citizen,prestoncitizen.co.uk,Preston Citizen,,
216,Reading Post,getreading.co.uk,Reading Evening Post,,
216,Reading Post,getreading.co.uk,Reading Post,,
217,Redhill and Reigate Life,redhillandreigatelife.co.uk,Bradford Telegraph & Argus,,
217,Redhill and Reigate Life,redhillandreigatelife.co.uk,Redhill and Reigate Life,,
218,Retford Guardian,retfordtoday.co.uk,Retford Guardian,,
218,Retford Guardian,retfordtoday.co.uk,Retford Trader & Guardian,,
219,Reuters AlertNet,trust.org,Alert Net,,
219,Reuters AlertNet,alertnet.org,Reuters AlertNet,,
219,Reuters AlertNet,trust.org,Reuters AlertNet,,
220,Richmond and Twickenham Times,richmondandtwickenhamtimes.co.uk,Richmond and Twickenham Times,,
221,Ripley & Heanor News,feedsportal.com,Ripley & Heanor News,check,ok
221,Ripley & Heanor News,ripleyandheanornews.co.uk,Ripley & Heanor News,,
222,Rochdale Observer,menmedia.co.uk,Rochdale Observer,check,ok
222,Rochdale Observer,rochdaleobserver.co.uk,Rochdale Observer,,
223,Romsey Advertiser,romseyadvertiser.co.uk,Romsey Advertiser,,
224,Royston Crow,royston-crow.co.uk,Royston Crow,,
225,Rutland News,rutnet.co.uk,Rutland News,,
226,Rutland Times,feedsportal.com,Rutland Times,,
226,Rutland Times,rutland-times.co.uk,Rutland Times,,
227,Rye and Battle Observer,feedsportal.com,Rye and Battle Observer,check,ok
228,Saffron Walden Reporter,saffronwalden-reporter.co.uk,Saffron Walden Reporter,,
229,Sale & Altrincham Messenger,messengernewspapers.co.uk,Sale & Altrincham Messenger,,
230,Salford Advertiser,menmedia.co.uk,Salford Advertiser,,
231,Scotsman,scotsman.com,Scotsman,,
232,Scunthorpe Telegraph,thisisscunthorpe.co.uk,Scunthorpe Telegraph,,
233,Sheffield Today,sheffieldtoday.net,Sheffield Today,,
233,Sheffield Today,thestar.co.uk,Sheffield Today,,
234,Sinn Fein,facebook.com,Sinn Fein,,
235,Skegness Today,skegnesstoday.co.uk,Skegness Today,,
236,SkyNews,sky.com,SkyNews,,
237,Slough & South Bucks Observer,sloughobserver.co.uk,Slough & South Bucks Observer,,
238,Slough & Windsor Observer,sloughobserver.co.uk,Slough & Windsor Observer,,
239,Socialist Worker (Britain) on Facebook,facebook.com,Socialist Worker (Britain) on Facebook,,
240,Somerset County Gazette,somersetcountygazette.co.uk,Somerset County Gazette,,
241,South London Press,icnetwork.co.uk,South London Press,,
242,South Manchester Reporter,menmedia.co.uk,South Manchester Reporter,check,ok
243,South Wales Argus,southwalesargus.co.uk,South Wales Argus,,
244,South Wales Evening Post,southwales-eveningpost.co.uk,South Wales Evening Post,,
244,South Wales Evening Post,thisissouthwales.co.uk,South Wales Evening Post,,
245,Southern Daily Echo,dailyecho.co.uk,Local London,,
245,Southern Daily Echo,dailyecho.co.uk,Southern Daily Echo,,
245,Southern Daily Echo,dailyecho.co.uk,Southern Daily Echo - This is Hampshire,,
245,Southern Daily Echo,thisishampshire.net,Southern Daily Echo - This is Hampshire,,
246,Spalding Guardian,feedsportal.com,Spalding Guardian,check,ok
246,Spalding Guardian,spaldingtoday.co.uk,Spalding Guardian,,
247,Spalding Today,lincsfreepress.co.uk,Spalding Today,,
248,St Albans Observer,stalbansobserver.co.uk,St Albans Observer,,
249,Stamford Mercury,stamfordmercury.co.uk,Stamford Mercury,,
250,Starbane Chronicle,nwipp-newspapers.com,Starbane Chronicle,,
251,Stockport Express,menmedia.co.uk,Stockport Express,,
252,Streatham Guardian,streathamguardian.co.uk,Streatham Guardian,,
253,Sunderland Echo,sunderlandecho.com,Sunderland Echo,,
253,Sunderland Echo,sunderlandtoday.co.uk,Sunderland Echo,,
254,Surrey Advertiser,getsurrey.co.uk,Surrey Advertiser,,
254,Surrey Advertiser,getsurrey.co.uk,Woking News and Mail,,
255,Sutton Guardian,suttonguardian.co.uk,Local London,check,has only 3 for Local London
255,Sutton Guardian,suttonguardian.co.uk,Sutton Guardian,,
256,Telegraph UK,feedsportal.com,Telegraph UK,,
257,The Bath Chronicle,thisisbath.co.uk,The Bath Chronicle,,
258,The Berwickshire News,berwickshirenews.co.uk,The Berwickshire News,,
259,The Buchanan Observer,feedsportal.com,The Buchanan Observer,check,ok
260,The Courier & Advertiser,thecourier.co.uk,The Courier & Advertiser,,
261,The Cumberland News,cumberland-news.co.uk,The Cumberland News,,
261,The Cumberland News,nwemail.co.uk,The Cumberland News,,
261,The Cumberland News,timesandstar.co.uk,The Cumberland News,,
262,The Daily Mail,dailymail.co.uk,The Daily Mail,,
263,The Daily Star,dailystar.co.uk,The Daily Star,,
264,The Daily Telegraph,telegraph.co.uk,London Daily Telegraph,,
264,The Daily Telegraph,telegraph.co.uk,Telegraph UK,,
264,The Daily Telegraph,feedsportal.com,The Daily Telegraph,,
264,The Daily Telegraph,telegraph.co.uk,The Daily Telegraph,,
265,The Guardian,guardian.co.uk,The Guardian,,
265,The Guardian,guardiannewsngr.com,The Guardian,check,ok
265,The Guardian,theguardian.com,The Guardian,,
265,The Guardian,guardian.co.uk,The Guardian UK,,
266,The Guardian Europe,guardian.co.uk,The Guardian Europe,,
266,The Guardian Europe,theguardian.com,The Guardian Europe,,
267,The Herald (Scotland),heraldscotland.com,Herald Scotland Breaking News,,
267,The Herald (Scotland),heraldscotland.com,The Herald (Scotland),,
268,The Huddersfield Daily Examiner,examiner.co.uk,The Huddersfield Daily Examiner,,
268,The Huddersfield Daily Examiner,icnetwork.co.uk,The Huddersfield Daily Examiner,,
269,The Independent UK,feedsportal.com,The Independent UK,,
269,The Independent UK,independent.co.uk,The Independent UK,,
270,The Irish Republican Socialist Party,facebook.com,The Irish Republican Socialist Party,,
271,The Northern Echo,thenorthernecho.co.uk,The Northern Echo,,
272,The Pig Site - UK,thepigsite.com,The Pig Site - UK,,
273,The Press (York),feedsportal.com,The Press (York),,
273,The Press (York),yorkpress.co.uk,The Press (York),,
274,The Press and Journal,pressandjournal.co.uk,The Press and Journal,,
275,The Reading Chronicle,icnetwork.co.uk,The Reading Chronicle,check,ok
275,The Reading Chronicle,irvineherald.co.uk,The Reading Chronicle,,
276,The Scotsman,feedsportal.com,The Scotsman,,
276,The Scotsman,scotsman.com,The Scotsman,,
277,This Is Exeter,thisisexeter.co.uk,This Is Exeter,,
278,This Is Gloucestershire,thisisgloucestershire.co.uk,This Is Gloucestershire,,
279,This is Cheshire,thisischeshire.co.uk,This is Cheshire,,
280,Times & Star,timesandstar.co.uk,Times & Star,,
281,Tyrone Times,tyronetimes.co.uk,Ilkeston Advertiser,,
281,Tyrone Times,tyronetimes.co.uk,Tyrone Times,,
282,UK Uncut on Twitter,twitter.com,UK Uncut on Twitter,,
283,Ulster Defence League on Facebook,facebook.com,Ulster Defence League on Facebook,,
284,Ulster Herald,nwipp-newspapers.com,Ulster Herald,,
285,Ulster Star,lisburntoday.co.uk,Ulster Star,,
286,Unite Against Fascism on Facebook,facebook.com,Unite Against Fascism on Facebook,,
287,Unite Against Fascism on Twitter,twitter.com,Unite Against Fascism on Twitter,,
288,Wandsworth Guardian,wandsworthguardian.co.uk,Wandsworth Guardian,,
289,West Sussex County Times,wscountytimes.co.uk,Banbury Guardian,,
289,West Sussex County Times,feedsportal.com,West Sussex County Times,check,ok
289,West Sussex County Times,wscountytimes.co.uk,West Sussex County Times,,
290,Western Mail,icnetwork.co.uk,Western Mail,check,ok
290,Western Mail,walesonline.co.uk,Western Mail,,
291,Wharf,icnetwork.co.uk,Wharf,check,ok
291,Wharf,wharf.co.uk,Wharf,,
292,Wilmslow Express,menmedia.co.uk,Wilmslow Express,,
293,Wiltshire News / This Is Wiltshire,thisiswiltshire.co.uk,Wiltshire News / This Is Wiltshire,check,ok
294,Wirral Globe,wirralglobe.co.uk,Wirral Globe,,
295,Wisbech Standard,wisbechstandard.co.uk,Wisbech Standard,,
296,Wokingham Times,getwokingham.co.uk,Wokingham Times,,
297,Worcester News,worcesternews.co.uk,Worcester News,,
298,Worksop Guardian,feedsportal.com,Worksop Guardian,check,ok
298,Worksop Guardian,worksopguardian.co.uk,Worksop Guardian,,
299,World Nuclear News,world-nuclear-news.org,World Nuclear News,,
300,Worthing Herald,feedsportal.com,Worthing Herald,,
300,Worthing Herald,worthingherald.co.uk,Worthing Herald,,
301,Yorkshire Evening Post,yorkshirepost.co.uk,Yorkshire Evening Post,,
302,Yorkshire Post,feedsportal.com,Yorkshire Post,,
303,Your Local Guardian,yourlocalguardian.co.uk,Epsom Guardian,check,combine to a string label
303,Your Local Guardian,yourlocalguardian.co.uk,Guardian Local,,combine to a string label
303,Your Local Guardian,yourlocalguardian.co.uk,Kingston Guardian,,combine to a string label
303,Your Local Guardian,yourlocalguardian.co.uk,Wimbledon Guardian,,combine to a string label
304,enfieldindependent.co.uk,enfieldindependent.co.uk,Enfield Independent,,
304,enfieldindependent.co.uk,enfieldindependent.co.uk,Local London,,
